Edad;G√©nero;Nacionalidad;Barrio/Localidad;Tipo de vacaci√≥n preferida;Estilo de m√∫sica preferido;G√©nero preferido de pel√≠culas;Deporte preferido;Hobbie preferido;¬øEn que rubro trabaj√°s o te gustar√≠a trabajar?;¬øQu√© esperas de la carrera?;¬øQu√© esperas de la materia? ¬øQu√© temas quisieras ver?;¬øQu√© algoritmos conoc√©s?;¬øSobre qu√© temas trabajaste en los TPs de An√°lisis Predictivo?;¬øQu√© pel√≠cula te gust√≥ m√°s o quisieras ver primero?
22;Femenino;Argentina;Canning;Monta√±a;Pop;Comedia;Otro;Leer;Salud;Que me de las herramientas necesarias para poder tomar decisiones informadas y resolver problemas complejos. Obtener experiencia pr√°ctica a trav√©s de proyectos y trabajos que permitan enfrentar desaf√≠os reales.;Espero adem√°s de las t√©cnicas de procesamiento de datos y de regularizaci√≥n, m√°s algoritmos de deep learning. Y mucha pr√°ctica y aplicaci√≥n! ;Regresi√≥n lineal y log√≠stica, √°rboles de decisi√≥n, NN, CNN, RNN, SVM, KNN, PCA, k-means, autoencoder, transformers, diffusion‚Ä¶;Lo oriente a la educaci√≥n, con una encuesta de inserci√≥n laboral de graduados universitarios.;Barbie
22;Femenino;Argentina ;Tigre;Playa;Pop;Rom√°ntica;No me interesa ning√∫n deporte;Leer;;;Profundizar lo que se de algoritmos y como mejorarlos por las materias: an√°lisis predictivo y sistemas de inteligencia artificial ;√Årboles, support vector machine, redes neuronales ;La cantidad de libros que leen las personas seg√∫n ciertas caracter√≠sticas ;Barbie
22;Masculino;Argentina;Nu√±ez;Playa;Otro;Comedia;F√∫tbol;Practicar un deporte;Consultoria it;Vanguardia;Deployment;Redes neuronales, arboles, boosting, forest, knn, regresion logistica, regresion lineal;Nop;Oppenheimer
26;Masculino;arg;Retiro;Monta√±a;Otro;Ciencia ficci√≥n;Otro;Tocar un instrumento/Bailar;laburo en log√≠stica, quiero trabajar en redes;hacer cosas piolas con data;an√°lisis de series de tiempo multivariadas;xgboost, arima, LSTM, random forest, k-means;clasificaci√≥n de tumores malignos;Barbie
22;Femenino;Argentina ;Vicente L√≥pez ;Playa;Pop;Rom√°ntica;F√∫tbol;Practicar un deporte;An√°lisis de datos;Que me de un amplio conocimiento en todo lo que es el mundo de los datos para que el d√≠a de ma√±ana me sienta capacitada para trabajar en cualquier √°mbito relacionado con datos y sentir que tengo una base s√≥lida.; Indagar m√°s en lo que es la predicci√≥n, en los modelos predictivos y poder aplicarlos a distintos √°mbitos. ;;Enfermedad card√≠aca y Predicci√≥n de cancelaci√≥n en reservas de hotel;Barbie
26;Masculino;Argentino;Parque Chacabuco;Playa;Pop;Ciencia ficci√≥n;Tenis;Jugar videojuegos;Ciencia de datos;Que me provea de herramientas para analizar datos y que a partir de esos resultados poder encontrar nuevas perspectivas, relaciones entre variables, predicciones de fen√≥menos de varias √≠ndoles o mejor entendimiento de las cosas (en lo personal me interesa cuando los datos ayudan a entender mejor porqu√© la realidad se comporta como lo hace a nivel social o f√≠sico , entre otros planos, la verdad es que soy muy curioso y quiero entender m√°s y mejor las cosas jajaja )  ;Honestamente no se mucho que esperar, solo disfrut√© mucho de predictivo y me pareci√≥ algo que quer√≠a seguir profundizando. Siento que entrender mejor como funciona una red neuronal estar√≠a bueno o como porque y c√≥mo se crean algoritmos mejores ser√≠a muy interesante (tambi√©n tengo un inter√©s por el QuantumML pero siento que estoy pidiendo demasiado a la materia ah√≠, es demasiado profundo) ;LightGBM, SVM, Redes Neuronales (m√°s b√°sico), varios tipos de RF y DT,  XGBoost, CatBoost, regresi√≥n lineal y logistica, K means y KNN, PCA y seguro m√°s pero me los estoy olvidando ;El TP2 fue sobre predecir el score de AirBnBs y el primero trabaje sobre una base de marketing bancario (hizo o no un plazo fijo despu√©s de la campa√±a publicitaria). Me hubiera gustado usar alguna de deportes (tengo ganas de hacer un modelo de xG pero siento que me embarco solo en un probema ah√≠) pero siempre hay un ma√±ana para usar alguna. ;Oppenheimer
21;Femenino;Argentina;CABA;Playa;Reggaeton/Trap/Cumbia;Drama;Tenis;Juntarme con amigos a comer;Trabajo en una agencia de publicidad en el √°rea de an√°lisis de datos;Que me brinde una base s√≥lida antes de salir al mundo laboral;Espero profundizar los temas ya vistos en analisis predictivo. Sobretodo poder saber qu√© algoritmo elegir para cada caso particular y como preparar los datos para la predicci√≥n. Me interesar√≠a mucho trabajar con problemas reales.;SVN, √°rboles de decision (en sus multiples formas como random forest, extra trees, etc), Kmeans, KNN, regresi√≥n lineal, regresi√≥n log√≠stica, XGboost, Naive Bayes,  AdaBoost, LightGBM;Trabaj√© sobre la predicci√≥n de la satisfacci√≥n de los clientes luego de tomar vuelos, teniendo en cuenta el retraso de la despegue/aterrizaje del avi√≥n, el tipo de consumidor, el tipo de vuelo, etc.;Barbie
21;Masculino;Argentina;San Nicolas;Monta√±a;Rock;Ciencia ficci√≥n;Otro;Practicar un deporte;Trabajo en el rubro de la salud;Que me de herramientas para poder comenzar a desarrollarme como profesional;Me gustar√≠a ahondar en los modelos predictivos que vimos el cuatrimestre pasado y poder entender como funcionan;Conozco los siguientes algoritmos predictivos: Regresi√≥n lineal, Regresi√≥n log√≠stica, √Årboles de decisi√≥n, Random Forest, KNN, SVM, Redes Neuronales, Gradient Boosting y Naive Bayes;Sobre predicci√≥n del precio de las casa en un barrio de EEUU;Oppenheimer
24;Femenino;Argentina;Tigre;Playa;Pop;Comedia;F√∫tbol;Estudiar An√°lisis Predictivo Avanzado;Me gustar√≠a trabajar con data. Trabajo en Salesforce pero no con data;Aprender y adquirir herramientas para trabajar en data;Deployment y casos reales de proyectos;;Prediccion de cultivos, prediccion de promoci√≥n laboral;Barbie
22;Masculino;Argentina;Recoleta;Monta√±a;Otro;Drama;F√∫tbol;Practicar un deporte;Actualmente trabajo en el rubro log√≠stico;Terminarla üíÄ. Jokes aside, que me siga permitiendo conocer m√°s algoritmos y novedades acerca del mundo de la ciencia de datos, ML, IA, Cloud, etc. Para poder generar valor tanto para empresas como para la sociedad, creando herramientas, productos o servicios que resuelvan problemas u optimicen procesos.;Aprender m√°s temas y profundizar lo visto en an√°lisis predictivo. Me gustar√≠a ver en detalle como funciona chat GPT y su estructura de redes neuronales;;Predicci√≥n de default crediticio;Oppenheimer
23;Masculino;Argentino;Palermo;Ciudad;Rock;Ciencia ficci√≥n;No me interesa ning√∫n deporte;Magia;Data asset manager;Terminarla;;;Precio de nafta ;Barbie
23;Femenino;Argentina;Recoleta;Ciudad;Rock;Drama;F√∫tbol;Estudiar An√°lisis Predictivo Avanzado;Trabajo en una petrolera;Que me de las herramientas necesarias para manejarme en el mundo laboral de los datos;Me gustar√≠a aprender en profundidad m√©todos actuales de an√°lisis predictivo para poder aplicar en futuros trabajos;Regresi√≥n lineal, √°rboles de decisi√≥n y sus derivados, redes neuronales, PCA, sentiment analysis, etc;Tendencias mundiales en trastornos de salud mental, predicci√≥n del score de un alojamiento en Airbnb y predicci√≥n del revenue de una pel√≠cula;Oppenheimer
21;Femenino;Argentina;Recoleta;Monta√±a;Rock;Acci√≥n;Otro;Dibujar/Pintar;Ciencia de datos;Espero poder conocer donde se puede aplicar el an√°lisis de datos, como aprovechar m√°s el an√°lisis de las bases y entender resultados de mejor forma;Espero poder conocer m√°s algoritmos, entender mejor algunas m√©tricas ;Regresi√≥n lineal, arboles de decision, redes neuronales, random forest;Bases bancarias artificiales sobre pr√©stamos;Oppenheimer
22;Femenino;Argentina;Palermo;Playa;Reggaeton/Trap/Cumbia;Comedia;Otro;Tocar un instrumento/Bailar;Fintech;;entender mejor los algoritmos;Arboles, Random forest, KNN, gradient boosting;Valoraciones (estrellas) de las apps en el app store;Barbie
21;Femenino;Argentina;Palermo;Monta√±a;Pop;Drama;F√∫tbol;Practicar un deporte;;;Hice an√°lisis predictivo de Inter y siento que no aprend√≠ tanto entonces me queda un poco pendiente aprender m√°s;;Deserci√≥n de alumnos universitarios;Barbie
21;Femenino;Argentina;Recoleta;Playa;Pop;Rom√°ntica;Otro;Leer;Telecomunicaciones;Que me brinde las herramientas necesarias para salir al mundo laboral con una base solida para enfrentar todo lo que sea necesario;Me interesa mucho el tema de Machine Learning, quiero aprender mas de eso, de como funcionan los algoritmos, etc. ;Regresion (lineal y Lasso) y clasificaci√≥n, clustering, DBSCAN, PCA, redes neuronales, kNearest neighbours;Regresion (lineal y Lasso) y clasificaci√≥n, clustering, DBSCAN, y PCA;Barbie
23;Masculino;Argentina;Palermo;Playa;Otro;Suspenso/Terror;Otro;Estudiar An√°lisis Predictivo Avanzado;Trabajo como developer ;Aprender a pensar problemas y dise√±ar soluciones ;Metodolog√≠as para aprendizaje computacional  ;Ordenamiento, predicci√≥n, reducci√≥n de dimensionalidad;La hice en intercambio ;Oppenheimer
21;Femenino;Argentina;Pacheco;Playa;Reggaeton/Trap/Cumbia;Rom√°ntica;Otro;Practicar un deporte;Analitica de datos en Marketing;Poder tener las herramientas y los conocimientos necesarios para poder manejar datos de  empresas combinando la parte t√©cnica y tecnol√≥gica con la de negocio;Tener mas conocimiento sobre las herramientas de modelos predicci√≥n de datos aplicables a casos reales.;;Predicci√≥n de popularidad de noticias, predicci√≥n de rating de airbnb, predicci√≥n de notas de alumnos;Barbie
22;Femenino;Argetina;Tigre;Playa;Otro;Rom√°ntica;Otro;Tocar un instrumento/Bailar;Tecnolog√≠a;;Machine Learning, inteligencia artificial;;Campa√±as de marketing y satisfacci√≥n de pasajeros de aerol√≠nea;Barbie
21;Femenino;Argentina;Villla Urquiza;Playa;Pop;Comedia;Otro;Practicar un deporte;Trabajo en el rubro financiero;;;;Alquiler de bicicletas y predicci√≥n de salario;Oppenheimer
21;Masculino;Arg;Tigre;Monta√±a;Rock;Ciencia ficci√≥n;Otro;Practicar un deporte;Desarrollo de software ;Herramientas ;Herramientas copadas, conocimientos solidos en predictivo ;Extratrees, xgb, lgbm, randomforest, Redes neuronales.     (Ninguno en profundidad );Predecir presion arterial y rating de rbnb ;Oppenheimer
21;Femenino;Argentina;Ramos Mejia;Playa;Pop;Comedia;Tenis;Estudiar An√°lisis Predictivo Avanzado;Actualmente trabajo en el area de datos del diario la nacion pero a futuro me gustaria meterme en algo orinetado a lo predictivo;Recibirme;Me gust√≥ la materia de Analisis Predictivo, asi que espero profundizar principalmente en la segunda parte de la materia.;scikit learn (Random Forest, KNN, DecisionTreeRegressor, regresion lineal), tensorflow, xgboost;Para el TP final trabaje en un dataset de spotify para la prediccion de la varible que indica si una cancion es explicita o no (V o F);Barbie
22;Masculino;Argentino;Olivos;Monta√±a;Rock;Comedia;F√∫tbol;Practicar un deporte;Medio de comunicaci√≥n;Poder adquirir las herramientas que necesita un cient√≠fico de datos para poder trabajar en diversos rubros;Me gustar√≠a poder ver alg√∫n modelo que pueda predecir resultados deportivos;Regresi√≥n lineal y log√≠stica, Naive Bayes, KNN, √Årboles de decisi√≥n;Trabaj√© con la predicci√≥n de reviews de Airbnb y tambi√©n en la predicci√≥n de d√≠as lluviosos;Oppenheimer
21;Masculino;Argentino ;Recoleta ;Monta√±a;Otro;Comedia;No me interesa ning√∫n deporte;Leer;Arquitectura en datos;Aprender estad√≠stica, hacer las preguntas correctas y programar;;Cluster, random forest, xgboost, linear regression, svm, el del cubo rubik;Hongos, sga, ranking de pel√≠culas ;Oppenheimer
21;Femenino;Argentina;Temperley;Monta√±a;Otro;Acci√≥n;Otro;Jugar videojuegos;Consultoria ;Poder aprender a analizar datos y sacar conclusiones de negocio;Profundizar lo visto en la materia an√°lisis predictivo. Bastante practica ;regresion lineal, logistica, k - neighbours, arboles de decision .... ;ranking de peliculas, piel de cancer, ;Oppenheimer
21;Femenino;Argentina;Palermo;Playa;Pop;Rom√°ntica;Tenis;;No tengo idea;Que me abra la cabeza;Estoy abierta a todo ejje;Random forest, xgboost, svm, grid search. cross validation;Riesgo de enfermedades cardiovasculares, rating de peliculas y default de pagos de tarjetas de credito;Barbie
20;Femenino;Argentina;Recoleta;Monta√±a;Pop;Rom√°ntica;Otro;Netflix;No se ;Adquirir habilidades para poder aplicar en el futuro;Aprender, poder desarrollar y aplicar modelos predictivos en diferentes contextos;XGBoost - RF - Arboles - SVM ;Riesgo de enfermedades cardiovasculares - pel√≠culas - Formula 1;Barbie
21;Femenino;Argentinaa;Caballito;Monta√±a;Pop;Rom√°ntica;F√∫tbol;Ir al gimnasio;Estoy descubriendolo, todav√≠a no se y como estoy terminando la carrera me da un poco de ansiedad el tema. Si se que me gustar√≠a ;Ya la estoy terminando y lo que espero es que me abra las puertas y que nos permita trabajar en muchos rubros ;Me gusto la materia anterior y por eso me anote. No hay un tema en espec√≠fico que quisiera ver. ;Vimos varios en la materia anterior, sobre todo modelos basados en arboles como random forest o xg boost;;
20;Femenino;Argentina;Caballito;Playa;Pop;Rom√°ntica;Otro;Cantar ;Todav√≠a no se ;Que me brinde una buena salida laboral, herramientas, habilidades y conocimientos √∫tiles e interesantes.;Espero aprender mucho m√°s sobre el an√°lisis predictivo, nuevos modelos y t√©cnicas como la optimizaci√≥n bayesiana.;SVM, XGBoost, CatBoost, LightGBM, KNN, Random Forest, Regresi√≥n Log√≠stica, entre otros.;Defaults en un banco y ratings de pel√≠culas ;Barbie
21;Femenino;Argentina;Tigre;Playa;Pop;Acci√≥n;No me interesa ning√∫n deporte;Leer;Me gustar√≠a conocer muchos rubros distintos a lo largo de mi carrera profesional, para luego poder tener una consultora basada en Data;Que me forme de manera que logre destacarme entre otros profesionales del misma √°rea de otras universidades;Espero que la materia me siga ‚Äúalimentando‚Äù esa curiosidad que me despert√≥ An√°lisis Predictivo por todos los modelos de Machine Learning y los conceptos de predicci√≥n en si ;Los usados en an√°lisis predictivo (√°rboles, random forest, xgboost, light gbm, regresi√≥n lineal y log√≠stica, catboost y seguramente me olvido de alguno);En el primer TP realizamos el EDA para un dataset que conten√≠a informaci√≥n al respecto del desempe√±o de alumnos en una escuela de Chicago, y para el segundo TP utilizamos todos el mismo, que trataba sobre predicci√≥n de churn en una industria bancaria ;Oppenheimer
21;Masculino;Argentina;Ituzaing√≥;Ciudad;Pop;Drama;F√∫tbol;Practicar un deporte;Data Science;Aprender sobre diversas metodolog√≠as de an√°lisis de datos y diversificar mis conocimientos en diferentes aplicaciones, lenguajes, metodolog√≠as, m√©tricas...;Me gustar√≠a ver (o al menos nombrar para investigar por nuestra cuenta) modelos predictivos m√°s complejos, aquellos m√°s utilizados en la industria. Tambi√©n trabajar con tipos de Datos menos comunes como datos geogr√°ficos, im√°genes, videos.;Conozco algoritmos predictivos de clasificaci√≥n, regresi√≥n, clustering;Trabajamos con m√∫ltiples modelos predictivos, pipelines, diversas m√©tricas de medici√≥n de la predicci√≥n, m√©todos de transformaci√≥n de variables;Oppenheimer
25;Masculino;Argentino;Avellaneda;Playa;Otro;Ciencia ficci√≥n;Otro;Practicar un deporte;Data analysis;Salir con conocimientos actualizados y competentes de lo que se pide hoy en dia en los trabajos;Ml;Random forest, regresion logistica, svm, redes neuronales;Sinceramente no me acuerdo;Oppenheimer
22;Masculino;Argentina;Recoleta;Playa;Rock;Drama;No me interesa ning√∫n deporte;Tocar un instrumento/Bailar;Deportes;Trabajo remoto y herramientas modernas;Herramientas √∫tiles para freelance;SVM;√âxito de canciones en Spotify;Oppenheimer
22;Femenino;Argentina ;Belgrano;Ciudad;Rock;Suspenso/Terror;Otro;Leer;Data science en industria automotriz ;Que me abra las puertas para aplicar la ciencia de datos en cualquier rubro de mi inter√©s ;Me gustar√≠a profundizar sobre distintos algoritmos de predicci√≥n, comprender un poco la base matem√°tica y estad√≠stica de los mismos y conocer el trasfondo del funcionamiento m√°s all√° del c√≥digo;Random Forest, XGBOOST, LightGBM, SVM;1. Predecir si una persona es fumadora o no en base a distintos indicadores de salud;
24;Masculino;Argentina;N√∫√±ez;Monta√±a;Otro;Ciencia ficci√≥n;Otro;Opci√≥n 3, 4 y 6;Idealmente Data engineering o Data Science. Sino cualquier posici√≥n de toma de decisiones orientados a los datos.;Proveerme con las herramientas necesarias para ayudar a cumplir mis metas laborales y financieras.;Profundizar en conceptos de estad√≠stica aplicada a los modelos predictivos. Entender a√∫n mejor el funcionamiento detr√°s de los algoritmos que hoy en d√≠a son cotidianos (como por ejemplo, los sistemas de recomendaci√≥n que usa Spotify, Youtube, etc).;Puede ser muy amplia la respuesta, ya que podr√≠a ser un algoritmo como el Algoritmo de Porter, o, los algoritmos que hay detr√°s de los modelos como XGBoost, SGD, etc.;An√°lisis y predicci√≥n de atrasos en los vuelos nacionales en EEUU.;
21;Masculino;Argentina;Once;Ciudad;Reggaeton/Trap/Cumbia;Comedia;F√∫tbol;Escuchar m√∫sica;Petr√≥leo;Seguir puliendo temas en lo que me queda de la carrera;Profundizar los temas vistos en An√°lisis Predictivo y aprender m√°s algoritmos de predicci√≥n;√Årboles (Decision Tree, Random Forest, XGBoost, etc.), kNN, SVM, Regresi√≥n Lineal y Regresi√≥n Log√≠stica;Chrun de una compa√±√≠a de Telecomunicaciones y de un Banco;Oppenheimer
22;Masculino;argentino;Colegiales;Monta√±a;Pop;Drama;F√∫tbol;Practicar un deporte;Seguros;Que me de los fundamentos y las bases para poder desarrollarme en cualquier √°rea de Data;Ir m√°s en detalle en el proceso del modelado y de la evaluaci√≥n ;Regresi√≥n lineal, log√≠stica, svm, algoritmos basados en √°rboles, knn, un poco de redes neuronales;Dataset de fumadores y otro de intenci√≥n de compra en una p√°gina web;Oppenheimer
22;Femenino;Argentina;Belgrano;Playa;Reggaeton/Trap/Cumbia;Comedia;F√∫tbol;Practicar un deporte;Consultor√≠a ;Aprender herramientas para desarrollarme en el mundo profesional;Aprender a utilizar modelos predictivos avanzados y como evaluar los resultados de los mismos;;Hoteleria;Barbie
21;Masculino;Argentino;Villa Crespo;Playa;Pop;Comedia;F√∫tbol;Practicar un deporte;Deportes;Espero que me de las herramientas para poder aprender a tomar decisiones fundadas, aprendiendo de tecnolog√≠a y de negocios;Espero aprender t√©cnicas extras para mejorar el rendimiento de modelos predictivos, fundamental para nuestra carrera de data analists;Los vistos en la materia de an√°lisis predictivo (random forest, XgBoost, etc);En el TP del primer parcial como para el final, sobre los alumnos de una universidad y cu√°nto tardaban en recibirse. La variable target ten√≠a 3 tipos: graduados, estudiando, o que dejaron la carrera.;Barbie
21;Masculino;Argentina;Berazategui;Playa;Rock;Drama;F√∫tbol;Tocar un instrumento/Bailar;Cliente y Desarrollo de Nuevos Negocios (B2B);"Poder profundizar mi conocimiento en el mundo de los datos y como analizarlos, viendo mas alla de los numeros. Saber como ""exprimir el jugo"" de los datos, viendolos desde varias perspectivas para poder entender como explican o afectan.";Poder profundizar los temas vistos en Analisis Predictivo, viendo nuevos algoritmos o saber como optimizarlos mejor.;Regresion Logistica, SVM, XGBoost, LightGBM, Redes Neuronales, Arboles de Decision, ;En el primer TP y en el examen final trabaje sobre un dataset de una Telco, haciendo un EDA profundo y modelos predictivos para poder predecir si un cliente se iba o no. ;Oppenheimer
24;Masculino;Argentina;Juan Maria Gutierrez;Monta√±a;Otro;Drama;F√∫tbol;Leer;Agro;Aprender un poco mas de visualizaci√≥n de datod;Ns/nc;Algoritmos de ordenamiento ;No me acuerdo;Oppenheimer
22;Femenino;Argentina;Recoleta;Playa;Pop;Comedia;F√∫tbol;Tocar un instrumento/Bailar;Finanzas;Espero poder seguir aprendiendo distintas formas de aplicar data science a diferentes √°mbitos y tener conocimiento sobre m√°s herramientas, algoritmos y t√©cnicas que se usan en la actualidad.;Me gustar√≠a aprender m√°s sobre distintos algoritmos que se utilizan en la actualidad, algunos que se que se utilizan son, por ejemplo, modelos de deep learning, redes neuronales;Regresi√≥n lineal, regresi√≥n log√≠stica, √°rboles de decisi√≥n, randomforest, Gradient Boosting, XGBoost, LightGBM, SVM, KNN, Catboost;Deserci√≥n de empleados y churn bancario;Oppenheimer
21;Masculino;Argentina;Villa Crespo;Playa;Otro;Acci√≥n;F√∫tbol;Practicar un deporte;Seguros;Que me prepare para destacarme frente a la competencia en mi carrera laboral;Me gustaria ver valor de acciones, series de tiempo;Regresi√≥n, Regresion Log√≠stica, LDA, QDA, Arboles de decisi√≥n, KNN;Notas de estudiantes y Churn bancario;Oppenheimer
21;Femenino;Argentina;Belgrano;Playa;Pop;Drama;No me interesa ning√∫n deporte;Tocar un instrumento/Bailar;Contabilidad;Adquirir habilidades, herramientas, desarrollar la capacidad de tomar decisiones y saber c√≥mo abordar un problema cuando se me plantea. Aportar valor al lugar donde trabaje.;Profundizar en modelos predictivos. Ver casos pr√°cticos reales.;Regresi√≥n. √Årboles de decis√≥n. Random Forest. Redes neuronales (DL). K-means. Etc.;Fraude en transacciones con tarjetas de cr√©dito. Churn bancario.;Barbie
